{"cameraMode":{"drawMode":0,"name":"Shaded","section":"Shading Mode"},"sceneLighting":true,"audioPlay":false,"sceneViewState":{"showFog":true,"showMaterialUpdate":false,"showSkybox":true,"showFlares":true,"showImageEffects":true,"showParticleSystems":true},"in2DMode":false,"pivot":{"x":467.76202392578127,"y":2.127711534500122,"z":36.9799919128418},"rotation":{"x":-0.1849416196346283,"y":-0.004135754890739918,"z":0.0007917729089967907,"w":-0.9828145503997803},"size":13.913869857788086,"orthographic":false}